{"cameraMode":{"drawMode":0,"name":"Shaded","section":"Shading Mode"},"sceneLighting":true,"audioPlay":false,"sceneViewState":{"m_AlwaysRefresh":false,"showFog":true,"showSkybox":true,"showFlares":true,"showImageEffects":true,"showParticleSystems":true,"showVisualEffectGraphs":true,"m_FxEnabled":true},"in2DMode":false,"pivot":{"x":-2.10809063911438,"y":1.7159523963928223,"z":0.6616241931915283},"rotation":{"x":0.05354779213666916,"y":0.4571840167045593,"z":0.027647022157907487,"w":-0.8873537182807922},"size":1.0939080715179444,"orthographic":false}